{
  "best_params": {
    "sma_period": 121,
    "momentum_period": 176,
    "atr_period": 84,
    "atr_multiplier": 1.1117491599833156,
    "bb_period": 19,
    "bb_dev": 2.1055901711596174,
    "pyramid_pct": 0.0180528885242897,
    "profit_target_pct": 0.2310811040144042,
    "position_size": 0.6167648234321038,
    "max_pyramids": 2
  },
  "best_fitness": 0.5910584726456083
}
